Id,First,Last,UpdateRequired
11,Lauren,Conway,
12,Emily,Henderson,
13,Sienna,Yates,True
14,Harrison,Carroll,
15,Taylor,Palmer,
16,Maya,Marsh,
17,Riley,Farmer,True
18,Amelia,Ashton,
19,Jonathan,Riley,True
20,Anthony,Moss,
21,Ellie,Henry,
22,Sofia,Phillips,
23,Owen,Bartlett,
24,Alicia,Jordan,
25,Peter,Hancock,
26,Spencer,Kaur,
27,Molly,Sharpe,
28,Zara,Sharp,
29,Archie,Field,
30,Charles,Dennis,
31,Jack,Ryan,
32,Charlotte,Crawford,
33,Rebecca,Atkinson,
34,Lara,Douglas,
35,Harriet,Tucker,
36,Lilly,Charlton,
37,Logan,Clements,
38,Evie,Pritchard,
39,Lara,Armstrong,
40,Charlie,Slater,
41,Rachel,Whittaker,
42,Aidan,Walker,
43,Jennifer,Sinclair,
44,Georgina,Henry,
45,Jonathan,Barber,
46,Francesca,Rice,
47,Scott,Rowe,
48,Nathan,Gould,
49,Harley,May,
50,Brandon,Riley,
51,Brandon,Richardson,
52,Adam,Little,
53,Matthew,Duncan,
54,Daisy,Wall,
55,Louis,Potts,
56,Amelie,Bentley,
57,Harriet,Cameron,
58,Jude,Fraser,
59,Aidan,Farmer,
60,Rebecca,Wallace,
61,Lucas,Kaur,
62,Faith,Bartlett,
63,Luke,Cooke,
64,Lilly,Farrell,
65,Peter,Boyle,
66,James,Kay,
67,Nicholas,Morley,
68,Mason,Kent,
69,Sofia,Freeman,
70,Isobel,Watts,
71,Andrew,Garner,
72,Henry,Farmer,
73,Louie,Fowler,
74,Amy,Doyle,
75,Rhys,Buckley,
76,Bradley,Warren,
77,Sean,Dennis,
78,Muhammad,Murphy,
79,Nicole,Robertson,
80,Aidan,Hicks,
81,Abigail,Page,
82,Kieran,Swift,
83,Isobel,Austin,
84,Jake,Bradley,
85,Yasmin,Davey,
86,Alice,Shepherd,
87,Taylor,Bradshaw,
88,Kian,Payne,
89,Sienna,Wilkins,
90,Eleanor,Collier,
91,Bradley,Griffiths,
92,Jay,Black,
93,Rachel,Duncan,
94,Harriet,Chadwick,
95,Michael,Hardy,
96,Courtney,Kennedy,
97,Jacob,North,
98,Tyler,Woods,
99,Isabelle,Smart,
100,Aaron,Norman,
101,Lydia,Newman,
102,Joe,Richards,
103,Zoe,Pollard,
104,Sam,Burke,
105,Isabel,Winter,
106,Francesca,Alexander,
107,Lily,Wall,
108,Cameron,Miah,
109,Summer,Khan,
110,Rebecca,Cooke,
111,Matthew,Davey,
112,Daisy,Khan,
113,Nathan,Gough,
114,Phoebe,Shaw,
115,Connor,Thomas,
116,Abby,Hurst,
117,Toby,Simmons,
118,Brooke,Shah,
119,Mia,Anderson,
120,Luca,O'Sullivan,
121,Zachary,Welch,
122,Alex,Baker,
123,Eve,Wilkinson,
124,Oscar,Parkinson,
125,Alex,Butcher,
126,Zara,Miller,
127,Rosie,Smith,
128,Aaliyah,Morrison,
129,Adam,Fisher,
130,Louise,Francis,
131,Riley,James,
132,Gabriel,Andrews,
133,Millie,Fry,
134,Patrick,Carr,
135,Sofia,Gould,
136,Ethan,Humphries,
137,Liam,Douglas,
138,Taylor,Brady,
139,Yasmin,Hurst,
140,Rosie,O'Neill,
141,Demi,Pickering,
142,Shannon,Shaw,
